{
    "nj": [
        -75.563587,
        -73.893979,
        38.788657,
        41.357423
    ],
    "nj and southern ny": [
        -75.5636,
        -71.8562,
        38.7887,
        41.3574
    ],
    "northeast": [
        -80.0,
        -66.9,
        37.0,
        47.5
    ],
    "eastern half": [
        -104.0485,
        -66.9346,
        24.3963,
        49.3844
    ],
    "eastern": [
        -89.5,
        -66.9,
        24.4,
        49.4
    ],
    "contiguous": [
        -125.0,
        -66.9,
        24.4,
        49.4
    ],
    "contiguous and southern canada": [
        -141.0,
        -52.6,
        41.7,
        60.0
    ],
    "all of the united states, northern mexico and southern canada": [
        -130.0,
        -60.0,
        15.0,
        60.0
    ],
    "california, usa": [
        -124.482003,
        -114.131211,
        32.528832,
        42.009518
    ],
    "texas, usa": [
        -106.645646,
        -93.508292,
        25.837377,
        36.500704
    ],
    "florida, usa": [
        -87.6349,
        -79.9743,
        24.3963,
        31.0006
    ],
    "new york, usa": [
        -79.76259,
        -71.77749,
        40.477399,
        45.01585
    ],
    "new jersey, usa": [
        -75.563587,
        -73.893979,
        38.788657,
        41.357423
    ],
    "northeast usa": [
        -82.0,
        -66.9,
        36.5,
        47.5
    ]
}